"Net","Name","X Coord","Y Coord","Side","Hole Size","Type"
"GND","TP4-1","153.519mm","88.404mm","Bottom","0mm","Surface mount"
"3V3","TP1-1","152.269mm","84.729mm","Bottom","0mm","Surface mount"
"GND","TP2-1","153.519mm","83.904mm","Bottom","0mm","Surface mount"
"ENVLP_OUT","TP3-1","152.269mm","87.579mm","Bottom","0mm","Surface mount"
"GND","TP4-1","134.166mm","88.404mm","Bottom","0mm","Surface mount"
"3V3","TP1-1","132.916mm","84.729mm","Bottom","0mm","Surface mount"
"GND","TP2-1","134.166mm","83.904mm","Bottom","0mm","Surface mount"
"ENVLP_OUT","TP3-1","132.916mm","87.579mm","Bottom","0mm","Surface mount"
"GND","TP4-1","114.813mm","88.404mm","Bottom","0mm","Surface mount"
"3V3","TP1-1","113.563mm","84.729mm","Bottom","0mm","Surface mount"
"GND","TP2-1","114.813mm","83.904mm","Bottom","0mm","Surface mount"
"ENVLP_OUT","TP3-1","113.563mm","87.579mm","Bottom","0mm","Surface mount"
"GND","TP4-1","95.46mm","88.404mm","Bottom","0mm","Surface mount"
"3V3","TP1-1","94.21mm","84.729mm","Bottom","0mm","Surface mount"
"GND","TP2-1","95.46mm","83.904mm","Bottom","0mm","Surface mount"
"ENVLP_OUT","TP3-1","94.21mm","87.579mm","Bottom","0mm","Surface mount"
"GND","TP4-1","153.519mm","79.8696mm","Bottom","0mm","Surface mount"
"3V3","TP1-1","152.269mm","76.1946mm","Bottom","0mm","Surface mount"
"GND","TP2-1","153.519mm","75.3696mm","Bottom","0mm","Surface mount"
"ENVLP_OUT","TP3-1","152.269mm","79.0446mm","Bottom","0mm","Surface mount"
"GND","TP4-1","134.166mm","79.8696mm","Bottom","0mm","Surface mount"
"3V3","TP1-1","132.916mm","76.1946mm","Bottom","0mm","Surface mount"
"GND","TP2-1","134.166mm","75.3696mm","Bottom","0mm","Surface mount"
"ENVLP_OUT","TP3-1","132.916mm","79.0446mm","Bottom","0mm","Surface mount"
"GND","TP4-1","114.813mm","79.8696mm","Bottom","0mm","Surface mount"
"3V3","TP1-1","113.563mm","76.1946mm","Bottom","0mm","Surface mount"
"GND","TP2-1","114.813mm","75.3696mm","Bottom","0mm","Surface mount"
"ENVLP_OUT","TP3-1","113.563mm","79.0446mm","Bottom","0mm","Surface mount"
"GND","TP4-1","95.46mm","79.8696mm","Bottom","0mm","Surface mount"
"3V3","TP1-1","94.21mm","76.1946mm","Bottom","0mm","Surface mount"
"GND","TP2-1","95.46mm","75.3696mm","Bottom","0mm","Surface mount"
"ENVLP_OUT","TP3-1","94.21mm","79.0446mm","Bottom","0mm","Surface mount"
"GND","TP4-1","153.519mm","71.3352mm","Bottom","0mm","Surface mount"
"3V3","TP1-1","152.269mm","67.6602mm","Bottom","0mm","Surface mount"
"GND","TP2-1","153.519mm","66.8352mm","Bottom","0mm","Surface mount"
"ENVLP_OUT","TP3-1","152.269mm","70.5102mm","Bottom","0mm","Surface mount"
"GND","TP4-1","134.166mm","71.3352mm","Bottom","0mm","Surface mount"
"3V3","TP1-1","132.916mm","67.6602mm","Bottom","0mm","Surface mount"
"GND","TP2-1","134.166mm","66.8352mm","Bottom","0mm","Surface mount"
"ENVLP_OUT","TP3-1","132.916mm","70.5102mm","Bottom","0mm","Surface mount"
"GND","TP4-1","114.813mm","71.3352mm","Bottom","0mm","Surface mount"
"3V3","TP1-1","113.563mm","67.6602mm","Bottom","0mm","Surface mount"
"GND","TP2-1","114.813mm","66.8352mm","Bottom","0mm","Surface mount"
"ENVLP_OUT","TP3-1","113.563mm","70.5102mm","Bottom","0mm","Surface mount"
"GND","TP4-1","95.46mm","71.3352mm","Bottom","0mm","Surface mount"
"3V3","TP1-1","94.21mm","67.6602mm","Bottom","0mm","Surface mount"
"GND","TP2-1","95.46mm","66.8352mm","Bottom","0mm","Surface mount"
"ENVLP_OUT","TP3-1","94.21mm","70.5102mm","Bottom","0mm","Surface mount"
"GND","TP4-1","153.519mm","62.8008mm","Bottom","0mm","Surface mount"
"3V3","TP1-1","152.269mm","59.1258mm","Bottom","0mm","Surface mount"
"GND","TP2-1","153.519mm","58.3008mm","Bottom","0mm","Surface mount"
"ENVLP_OUT","TP3-1","152.269mm","61.9758mm","Bottom","0mm","Surface mount"
"GND","TP4-1","134.166mm","62.8008mm","Bottom","0mm","Surface mount"
"3V3","TP1-1","132.916mm","59.1258mm","Bottom","0mm","Surface mount"
"GND","TP2-1","134.166mm","58.3008mm","Bottom","0mm","Surface mount"
"ENVLP_OUT","TP3-1","132.916mm","61.9758mm","Bottom","0mm","Surface mount"
"GND","TP4-1","114.813mm","62.8008mm","Bottom","0mm","Surface mount"
"3V3","TP1-1","113.563mm","59.1258mm","Bottom","0mm","Surface mount"
"GND","TP2-1","114.813mm","58.3008mm","Bottom","0mm","Surface mount"
"ENVLP_OUT","TP3-1","113.563mm","61.9758mm","Bottom","0mm","Surface mount"
"GND","TP4-1","95.46mm","62.8008mm","Bottom","0mm","Surface mount"
"3V3","TP1-1","94.21mm","59.1258mm","Bottom","0mm","Surface mount"
"GND","TP2-1","95.46mm","58.3008mm","Bottom","0mm","Surface mount"
"ENVLP_OUT","TP3-1","94.21mm","61.9758mm","Bottom","0mm","Surface mount"
"GND","TP4-1","153.519mm","54.2664mm","Bottom","0mm","Surface mount"
"3V3","TP1-1","152.269mm","50.5914mm","Bottom","0mm","Surface mount"
"GND","TP2-1","153.519mm","49.7664mm","Bottom","0mm","Surface mount"
"ENVLP_OUT","TP3-1","152.269mm","53.4414mm","Bottom","0mm","Surface mount"
"GND","TP4-1","134.166mm","54.2664mm","Bottom","0mm","Surface mount"
"3V3","TP1-1","132.916mm","50.5914mm","Bottom","0mm","Surface mount"
"GND","TP2-1","134.166mm","49.7664mm","Bottom","0mm","Surface mount"
"ENVLP_OUT","TP3-1","132.916mm","53.4414mm","Bottom","0mm","Surface mount"
"GND","TP4-1","114.813mm","54.2664mm","Bottom","0mm","Surface mount"
"3V3","TP1-1","113.563mm","50.5914mm","Bottom","0mm","Surface mount"
"GND","TP2-1","114.813mm","49.7664mm","Bottom","0mm","Surface mount"
"ENVLP_OUT","TP3-1","113.563mm","53.4414mm","Bottom","0mm","Surface mount"
"GND","TP4-1","95.46mm","54.2664mm","Bottom","0mm","Surface mount"
"3V3","TP1-1","94.21mm","50.5914mm","Bottom","0mm","Surface mount"
"GND","TP2-1","95.46mm","49.7664mm","Bottom","0mm","Surface mount"
"ENVLP_OUT","TP3-1","94.21mm","53.4414mm","Bottom","0mm","Surface mount"
"GND","TP4-1","153.519mm","45.732mm","Bottom","0mm","Surface mount"
"3V3","TP1-1","152.269mm","42.057mm","Bottom","0mm","Surface mount"
"GND","TP2-1","153.519mm","41.232mm","Bottom","0mm","Surface mount"
"ENVLP_OUT","TP3-1","152.269mm","44.907mm","Bottom","0mm","Surface mount"
"GND","TP4-1","134.166mm","45.732mm","Bottom","0mm","Surface mount"
"3V3","TP1-1","132.916mm","42.057mm","Bottom","0mm","Surface mount"
"GND","TP2-1","134.166mm","41.232mm","Bottom","0mm","Surface mount"
"ENVLP_OUT","TP3-1","132.916mm","44.907mm","Bottom","0mm","Surface mount"
"GND","TP4-1","114.813mm","45.732mm","Bottom","0mm","Surface mount"
"3V3","TP1-1","113.563mm","42.057mm","Bottom","0mm","Surface mount"
"GND","TP2-1","114.813mm","41.232mm","Bottom","0mm","Surface mount"
"ENVLP_OUT","TP3-1","113.563mm","44.907mm","Bottom","0mm","Surface mount"
"GND","TP4-1","95.46mm","45.732mm","Bottom","0mm","Surface mount"
"3V3","TP1-1","94.21mm","42.057mm","Bottom","0mm","Surface mount"
"GND","TP2-1","95.46mm","41.232mm","Bottom","0mm","Surface mount"
"ENVLP_OUT","TP3-1","94.21mm","44.907mm","Bottom","0mm","Surface mount"
"GND","TP4-1","153.519mm","37.1976mm","Bottom","0mm","Surface mount"
"3V3","TP1-1","152.269mm","33.5226mm","Bottom","0mm","Surface mount"
"GND","TP2-1","153.519mm","32.6976mm","Bottom","0mm","Surface mount"
"ENVLP_OUT","TP3-1","152.269mm","36.3726mm","Bottom","0mm","Surface mount"
"GND","TP4-1","134.166mm","37.1976mm","Bottom","0mm","Surface mount"
"3V3","TP1-1","132.916mm","33.5226mm","Bottom","0mm","Surface mount"
"GND","TP2-1","134.166mm","32.6976mm","Bottom","0mm","Surface mount"
"ENVLP_OUT","TP3-1","132.916mm","36.3726mm","Bottom","0mm","Surface mount"
"GND","TP4-1","114.813mm","37.1976mm","Bottom","0mm","Surface mount"
"3V3","TP1-1","113.563mm","33.5226mm","Bottom","0mm","Surface mount"
"GND","TP2-1","114.813mm","32.6976mm","Bottom","0mm","Surface mount"
"ENVLP_OUT","TP3-1","113.563mm","36.3726mm","Bottom","0mm","Surface mount"
"GND","TP4-1","95.46mm","37.1976mm","Bottom","0mm","Surface mount"
"3V3","TP1-1","94.21mm","33.5226mm","Bottom","0mm","Surface mount"
"GND","TP2-1","95.46mm","32.6976mm","Bottom","0mm","Surface mount"
"ENVLP_OUT","TP3-1","94.21mm","36.3726mm","Bottom","0mm","Surface mount"
"GND","TP4-1","153.519mm","28.6632mm","Bottom","0mm","Surface mount"
"3V3","TP1-1","152.269mm","24.9882mm","Bottom","0mm","Surface mount"
"GND","TP2-1","153.519mm","24.1632mm","Bottom","0mm","Surface mount"
"ENVLP_OUT","TP3-1","152.269mm","27.8382mm","Bottom","0mm","Surface mount"
"GND","TP4-1","134.166mm","28.6632mm","Bottom","0mm","Surface mount"
"3V3","TP1-1","132.916mm","24.9882mm","Bottom","0mm","Surface mount"
"GND","TP2-1","134.166mm","24.1632mm","Bottom","0mm","Surface mount"
"ENVLP_OUT","TP3-1","132.916mm","27.8382mm","Bottom","0mm","Surface mount"
"GND","TP4-1","114.813mm","28.6632mm","Bottom","0mm","Surface mount"
"3V3","TP1-1","113.563mm","24.9882mm","Bottom","0mm","Surface mount"
"GND","TP2-1","114.813mm","24.1632mm","Bottom","0mm","Surface mount"
"ENVLP_OUT","TP3-1","113.563mm","27.8382mm","Bottom","0mm","Surface mount"
"GND","TP4-1","95.46mm","28.6632mm","Bottom","0mm","Surface mount"
"3V3","TP1-1","94.21mm","24.9882mm","Bottom","0mm","Surface mount"
"GND","TP2-1","95.46mm","24.1632mm","Bottom","0mm","Surface mount"
"ENVLP_OUT","TP3-1","94.21mm","27.8382mm","Bottom","0mm","Surface mount"
"GND","TP4-1","153.519mm","20.1288mm","Bottom","0mm","Surface mount"
"3V3","TP1-1","152.269mm","16.4538mm","Bottom","0mm","Surface mount"
"GND","TP2-1","153.519mm","15.6288mm","Bottom","0mm","Surface mount"
"ENVLP_OUT","TP3-1","152.269mm","19.3038mm","Bottom","0mm","Surface mount"
"GND","TP4-1","134.166mm","20.1288mm","Bottom","0mm","Surface mount"
"3V3","TP1-1","132.916mm","16.4538mm","Bottom","0mm","Surface mount"
"GND","TP2-1","134.166mm","15.6288mm","Bottom","0mm","Surface mount"
"ENVLP_OUT","TP3-1","132.916mm","19.3038mm","Bottom","0mm","Surface mount"
"GND","TP4-1","114.813mm","20.1288mm","Bottom","0mm","Surface mount"
"3V3","TP1-1","113.563mm","16.4538mm","Bottom","0mm","Surface mount"
"GND","TP2-1","114.813mm","15.6288mm","Bottom","0mm","Surface mount"
"ENVLP_OUT","TP3-1","113.563mm","19.3038mm","Bottom","0mm","Surface mount"
"GND","TP4-1","95.46mm","20.1288mm","Bottom","0mm","Surface mount"
"3V3","TP1-1","94.21mm","16.4538mm","Bottom","0mm","Surface mount"
"GND","TP2-1","95.46mm","15.6288mm","Bottom","0mm","Surface mount"
"ENVLP_OUT","TP3-1","94.21mm","19.3038mm","Bottom","0mm","Surface mount"
"GND","TP4-1","153.519mm","11.5944mm","Bottom","0mm","Surface mount"
"3V3","TP1-1","152.269mm","7.9194mm","Bottom","0mm","Surface mount"
"GND","TP2-1","153.519mm","7.0944mm","Bottom","0mm","Surface mount"
"ENVLP_OUT","TP3-1","152.269mm","10.7694mm","Bottom","0mm","Surface mount"
"GND","TP4-1","134.166mm","11.5944mm","Bottom","0mm","Surface mount"
"3V3","TP1-1","132.916mm","7.9194mm","Bottom","0mm","Surface mount"
"GND","TP2-1","134.166mm","7.0944mm","Bottom","0mm","Surface mount"
"ENVLP_OUT","TP3-1","132.916mm","10.7694mm","Bottom","0mm","Surface mount"
"GND","TP4-1","114.813mm","11.5944mm","Bottom","0mm","Surface mount"
"3V3","TP1-1","113.563mm","7.9194mm","Bottom","0mm","Surface mount"
"GND","TP2-1","114.813mm","7.0944mm","Bottom","0mm","Surface mount"
"ENVLP_OUT","TP3-1","113.563mm","10.7694mm","Bottom","0mm","Surface mount"
"GND","TP4-1","95.46mm","11.5944mm","Bottom","0mm","Surface mount"
"3V3","TP1-1","94.21mm","7.9194mm","Bottom","0mm","Surface mount"
"GND","TP2-1","95.46mm","7.0944mm","Bottom","0mm","Surface mount"
"ENVLP_OUT","TP3-1","94.21mm","10.7694mm","Bottom","0mm","Surface mount"
"GND","TP4-1","14.35mm","7.1mm","Bottom","0mm","Surface mount"
"3V3","TP1-1","15.6mm","10.775mm","Bottom","0mm","Surface mount"
"GND","TP2-1","14.35mm","11.6mm","Bottom","0mm","Surface mount"
"ENVLP_OUT","TP3-1","15.6mm","7.925mm","Bottom","0mm","Surface mount"
"GND","TP4-1","33.703mm","7.1mm","Bottom","0mm","Surface mount"
"3V3","TP1-1","34.953mm","10.775mm","Bottom","0mm","Surface mount"
"GND","TP2-1","33.703mm","11.6mm","Bottom","0mm","Surface mount"
"ENVLP_OUT","TP3-1","34.953mm","7.925mm","Bottom","0mm","Surface mount"
"GND","TP4-1","53.056mm","7.1mm","Bottom","0mm","Surface mount"
"3V3","TP1-1","54.306mm","10.775mm","Bottom","0mm","Surface mount"
"GND","TP2-1","53.056mm","11.6mm","Bottom","0mm","Surface mount"
"ENVLP_OUT","TP3-1","54.306mm","7.925mm","Bottom","0mm","Surface mount"
"GND","TP4-1","72.409mm","7.1mm","Bottom","0mm","Surface mount"
"3V3","TP1-1","73.659mm","10.775mm","Bottom","0mm","Surface mount"
"GND","TP2-1","72.409mm","11.6mm","Bottom","0mm","Surface mount"
"ENVLP_OUT","TP3-1","73.659mm","7.925mm","Bottom","0mm","Surface mount"
"GND","TP4-1","14.35mm","15.6344mm","Bottom","0mm","Surface mount"
"3V3","TP1-1","15.6mm","19.3094mm","Bottom","0mm","Surface mount"
"GND","TP2-1","14.35mm","20.1344mm","Bottom","0mm","Surface mount"
"ENVLP_OUT","TP3-1","15.6mm","16.4594mm","Bottom","0mm","Surface mount"
"GND","TP4-1","33.703mm","15.6344mm","Bottom","0mm","Surface mount"
"3V3","TP1-1","34.953mm","19.3094mm","Bottom","0mm","Surface mount"
"GND","TP2-1","33.703mm","20.1344mm","Bottom","0mm","Surface mount"
"ENVLP_OUT","TP3-1","34.953mm","16.4594mm","Bottom","0mm","Surface mount"
"GND","TP4-1","53.056mm","15.6344mm","Bottom","0mm","Surface mount"
"3V3","TP1-1","54.306mm","19.3094mm","Bottom","0mm","Surface mount"
"GND","TP2-1","53.056mm","20.1344mm","Bottom","0mm","Surface mount"
"ENVLP_OUT","TP3-1","54.306mm","16.4594mm","Bottom","0mm","Surface mount"
"GND","TP4-1","72.409mm","15.6344mm","Bottom","0mm","Surface mount"
"3V3","TP1-1","73.659mm","19.3094mm","Bottom","0mm","Surface mount"
"GND","TP2-1","72.409mm","20.1344mm","Bottom","0mm","Surface mount"
"ENVLP_OUT","TP3-1","73.659mm","16.4594mm","Bottom","0mm","Surface mount"
"GND","TP4-1","14.35mm","24.1688mm","Bottom","0mm","Surface mount"
"3V3","TP1-1","15.6mm","27.8438mm","Bottom","0mm","Surface mount"
"GND","TP2-1","14.35mm","28.6688mm","Bottom","0mm","Surface mount"
"ENVLP_OUT","TP3-1","15.6mm","24.9938mm","Bottom","0mm","Surface mount"
"GND","TP4-1","33.703mm","24.1688mm","Bottom","0mm","Surface mount"
"3V3","TP1-1","34.953mm","27.8438mm","Bottom","0mm","Surface mount"
"GND","TP2-1","33.703mm","28.6688mm","Bottom","0mm","Surface mount"
"ENVLP_OUT","TP3-1","34.953mm","24.9938mm","Bottom","0mm","Surface mount"
"GND","TP4-1","53.056mm","24.1688mm","Bottom","0mm","Surface mount"
"3V3","TP1-1","54.306mm","27.8438mm","Bottom","0mm","Surface mount"
"GND","TP2-1","53.056mm","28.6688mm","Bottom","0mm","Surface mount"
"ENVLP_OUT","TP3-1","54.306mm","24.9938mm","Bottom","0mm","Surface mount"
"GND","TP4-1","72.409mm","24.1688mm","Bottom","0mm","Surface mount"
"3V3","TP1-1","73.659mm","27.8438mm","Bottom","0mm","Surface mount"
"GND","TP2-1","72.409mm","28.6688mm","Bottom","0mm","Surface mount"
"ENVLP_OUT","TP3-1","73.659mm","24.9938mm","Bottom","0mm","Surface mount"
"GND","TP4-1","14.35mm","32.7032mm","Bottom","0mm","Surface mount"
"3V3","TP1-1","15.6mm","36.3782mm","Bottom","0mm","Surface mount"
"GND","TP2-1","14.35mm","37.2032mm","Bottom","0mm","Surface mount"
"ENVLP_OUT","TP3-1","15.6mm","33.5282mm","Bottom","0mm","Surface mount"
"GND","TP4-1","33.703mm","32.7032mm","Bottom","0mm","Surface mount"
"3V3","TP1-1","34.953mm","36.3782mm","Bottom","0mm","Surface mount"
"GND","TP2-1","33.703mm","37.2032mm","Bottom","0mm","Surface mount"
"ENVLP_OUT","TP3-1","34.953mm","33.5282mm","Bottom","0mm","Surface mount"
"GND","TP4-1","53.056mm","32.7032mm","Bottom","0mm","Surface mount"
"3V3","TP1-1","54.306mm","36.3782mm","Bottom","0mm","Surface mount"
"GND","TP2-1","53.056mm","37.2032mm","Bottom","0mm","Surface mount"
"ENVLP_OUT","TP3-1","54.306mm","33.5282mm","Bottom","0mm","Surface mount"
"GND","TP4-1","72.409mm","32.7032mm","Bottom","0mm","Surface mount"
"3V3","TP1-1","73.659mm","36.3782mm","Bottom","0mm","Surface mount"
"GND","TP2-1","72.409mm","37.2032mm","Bottom","0mm","Surface mount"
"ENVLP_OUT","TP3-1","73.659mm","33.5282mm","Bottom","0mm","Surface mount"
"GND","TP4-1","14.35mm","41.2376mm","Bottom","0mm","Surface mount"
"3V3","TP1-1","15.6mm","44.9126mm","Bottom","0mm","Surface mount"
"GND","TP2-1","14.35mm","45.7376mm","Bottom","0mm","Surface mount"
"ENVLP_OUT","TP3-1","15.6mm","42.0626mm","Bottom","0mm","Surface mount"
"GND","TP4-1","33.703mm","41.2376mm","Bottom","0mm","Surface mount"
"3V3","TP1-1","34.953mm","44.9126mm","Bottom","0mm","Surface mount"
"GND","TP2-1","33.703mm","45.7376mm","Bottom","0mm","Surface mount"
"ENVLP_OUT","TP3-1","34.953mm","42.0626mm","Bottom","0mm","Surface mount"
"GND","TP4-1","53.056mm","41.2376mm","Bottom","0mm","Surface mount"
"3V3","TP1-1","54.306mm","44.9126mm","Bottom","0mm","Surface mount"
"GND","TP2-1","53.056mm","45.7376mm","Bottom","0mm","Surface mount"
"ENVLP_OUT","TP3-1","54.306mm","42.0626mm","Bottom","0mm","Surface mount"
"GND","TP4-1","72.409mm","41.2376mm","Bottom","0mm","Surface mount"
"3V3","TP1-1","73.659mm","44.9126mm","Bottom","0mm","Surface mount"
"GND","TP2-1","72.409mm","45.7376mm","Bottom","0mm","Surface mount"
"ENVLP_OUT","TP3-1","73.659mm","42.0626mm","Bottom","0mm","Surface mount"
"GND","TP4-1","14.35mm","49.772mm","Bottom","0mm","Surface mount"
"3V3","TP1-1","15.6mm","53.447mm","Bottom","0mm","Surface mount"
"GND","TP2-1","14.35mm","54.272mm","Bottom","0mm","Surface mount"
"ENVLP_OUT","TP3-1","15.6mm","50.597mm","Bottom","0mm","Surface mount"
"GND","TP4-1","33.703mm","49.772mm","Bottom","0mm","Surface mount"
"3V3","TP1-1","34.953mm","53.447mm","Bottom","0mm","Surface mount"
"GND","TP2-1","33.703mm","54.272mm","Bottom","0mm","Surface mount"
"ENVLP_OUT","TP3-1","34.953mm","50.597mm","Bottom","0mm","Surface mount"
"GND","TP4-1","53.056mm","49.772mm","Bottom","0mm","Surface mount"
"3V3","TP1-1","54.306mm","53.447mm","Bottom","0mm","Surface mount"
"GND","TP2-1","53.056mm","54.272mm","Bottom","0mm","Surface mount"
"ENVLP_OUT","TP3-1","54.306mm","50.597mm","Bottom","0mm","Surface mount"
"GND","TP4-1","72.409mm","49.772mm","Bottom","0mm","Surface mount"
"3V3","TP1-1","73.659mm","53.447mm","Bottom","0mm","Surface mount"
"GND","TP2-1","72.409mm","54.272mm","Bottom","0mm","Surface mount"
"ENVLP_OUT","TP3-1","73.659mm","50.597mm","Bottom","0mm","Surface mount"
"GND","TP4-1","14.35mm","58.3064mm","Bottom","0mm","Surface mount"
"3V3","TP1-1","15.6mm","61.9814mm","Bottom","0mm","Surface mount"
"GND","TP2-1","14.35mm","62.8064mm","Bottom","0mm","Surface mount"
"ENVLP_OUT","TP3-1","15.6mm","59.1314mm","Bottom","0mm","Surface mount"
"GND","TP4-1","33.703mm","58.3064mm","Bottom","0mm","Surface mount"
"3V3","TP1-1","34.953mm","61.9814mm","Bottom","0mm","Surface mount"
"GND","TP2-1","33.703mm","62.8064mm","Bottom","0mm","Surface mount"
"ENVLP_OUT","TP3-1","34.953mm","59.1314mm","Bottom","0mm","Surface mount"
"GND","TP4-1","53.056mm","58.3064mm","Bottom","0mm","Surface mount"
"3V3","TP1-1","54.306mm","61.9814mm","Bottom","0mm","Surface mount"
"GND","TP2-1","53.056mm","62.8064mm","Bottom","0mm","Surface mount"
"ENVLP_OUT","TP3-1","54.306mm","59.1314mm","Bottom","0mm","Surface mount"
"GND","TP4-1","72.409mm","58.3064mm","Bottom","0mm","Surface mount"
"3V3","TP1-1","73.659mm","61.9814mm","Bottom","0mm","Surface mount"
"GND","TP2-1","72.409mm","62.8064mm","Bottom","0mm","Surface mount"
"ENVLP_OUT","TP3-1","73.659mm","59.1314mm","Bottom","0mm","Surface mount"
"GND","TP4-1","14.35mm","66.8408mm","Bottom","0mm","Surface mount"
"3V3","TP1-1","15.6mm","70.5158mm","Bottom","0mm","Surface mount"
"GND","TP2-1","14.35mm","71.3408mm","Bottom","0mm","Surface mount"
"ENVLP_OUT","TP3-1","15.6mm","67.6658mm","Bottom","0mm","Surface mount"
"GND","TP4-1","33.703mm","66.8408mm","Bottom","0mm","Surface mount"
"3V3","TP1-1","34.953mm","70.5158mm","Bottom","0mm","Surface mount"
"GND","TP2-1","33.703mm","71.3408mm","Bottom","0mm","Surface mount"
"ENVLP_OUT","TP3-1","34.953mm","67.6658mm","Bottom","0mm","Surface mount"
"GND","TP4-1","53.056mm","66.8408mm","Bottom","0mm","Surface mount"
"3V3","TP1-1","54.306mm","70.5158mm","Bottom","0mm","Surface mount"
"GND","TP2-1","53.056mm","71.3408mm","Bottom","0mm","Surface mount"
"ENVLP_OUT","TP3-1","54.306mm","67.6658mm","Bottom","0mm","Surface mount"
"GND","TP4-1","72.409mm","66.8408mm","Bottom","0mm","Surface mount"
"3V3","TP1-1","73.659mm","70.5158mm","Bottom","0mm","Surface mount"
"GND","TP2-1","72.409mm","71.3408mm","Bottom","0mm","Surface mount"
"ENVLP_OUT","TP3-1","73.659mm","67.6658mm","Bottom","0mm","Surface mount"
"GND","TP4-1","14.35mm","75.3752mm","Bottom","0mm","Surface mount"
"3V3","TP1-1","15.6mm","79.0502mm","Bottom","0mm","Surface mount"
"GND","TP2-1","14.35mm","79.8752mm","Bottom","0mm","Surface mount"
"ENVLP_OUT","TP3-1","15.6mm","76.2002mm","Bottom","0mm","Surface mount"
"GND","TP4-1","33.703mm","75.3752mm","Bottom","0mm","Surface mount"
"3V3","TP1-1","34.953mm","79.0502mm","Bottom","0mm","Surface mount"
"GND","TP2-1","33.703mm","79.8752mm","Bottom","0mm","Surface mount"
"ENVLP_OUT","TP3-1","34.953mm","76.2002mm","Bottom","0mm","Surface mount"
"GND","TP4-1","53.056mm","75.3752mm","Bottom","0mm","Surface mount"
"3V3","TP1-1","54.306mm","79.0502mm","Bottom","0mm","Surface mount"
"GND","TP2-1","53.056mm","79.8752mm","Bottom","0mm","Surface mount"
"ENVLP_OUT","TP3-1","54.306mm","76.2002mm","Bottom","0mm","Surface mount"
"GND","TP4-1","72.409mm","75.3752mm","Bottom","0mm","Surface mount"
"3V3","TP1-1","73.659mm","79.0502mm","Bottom","0mm","Surface mount"
"GND","TP2-1","72.409mm","79.8752mm","Bottom","0mm","Surface mount"
"ENVLP_OUT","TP3-1","73.659mm","76.2002mm","Bottom","0mm","Surface mount"
"GND","TP4-1","14.35mm","83.9096mm","Bottom","0mm","Surface mount"
"3V3","TP1-1","15.6mm","87.5846mm","Bottom","0mm","Surface mount"
"GND","TP2-1","14.35mm","88.4096mm","Bottom","0mm","Surface mount"
"ENVLP_OUT","TP3-1","15.6mm","84.7346mm","Bottom","0mm","Surface mount"
"GND","TP4-1","33.703mm","83.9096mm","Bottom","0mm","Surface mount"
"3V3","TP1-1","34.953mm","87.5846mm","Bottom","0mm","Surface mount"
"GND","TP2-1","33.703mm","88.4096mm","Bottom","0mm","Surface mount"
"ENVLP_OUT","TP3-1","34.953mm","84.7346mm","Bottom","0mm","Surface mount"
"GND","TP4-1","53.056mm","83.9096mm","Bottom","0mm","Surface mount"
"3V3","TP1-1","54.306mm","87.5846mm","Bottom","0mm","Surface mount"
"GND","TP2-1","53.056mm","88.4096mm","Bottom","0mm","Surface mount"
"ENVLP_OUT","TP3-1","54.306mm","84.7346mm","Bottom","0mm","Surface mount"
"GND","TP4-1","72.409mm","83.9096mm","Bottom","0mm","Surface mount"
"3V3","TP1-1","73.659mm","87.5846mm","Bottom","0mm","Surface mount"
"GND","TP2-1","72.409mm","88.4096mm","Bottom","0mm","Surface mount"
"ENVLP_OUT","TP3-1","73.659mm","84.7346mm","Bottom","0mm","Surface mount"
